{
    "fx": 363.52317523746575,
    "fy": 367.16752431459287,
    "ppx": 317.42405579941504,
    "ppy": 255.5623917650575,
    "distortion": [
        -0.049540206427420186,
        0.13444562844609975,
        -0.015235874435162665,
        -0.002383522950509001,
        -0.20907857696440904
    ]
}